customer_id,comp_name,merchant_client_id
3775568,1e1f3828,641c0e7ddc026b705e8cad09
3727048,2569c374,5feacaf7f863b1ad398b4567
3754409,27e8ab69,601415af9250d6305b8b4567
3006138,39dd0861,5ec3591e9dbc6110108b4567
1041751,a004e513,5cdea78d3d25d01e468b458f
4112569,90cfbbdc,618a32d2ed7b06c296962be9
4049526,a6eddd74,612710f606f85f8db508934b
4105535,d0a0e18f,61792a331828c7e1358b4567
214739,f73f9c28,5bbf31a43d25d0342a8b458e
4360257,2c1b5d66,680f2a86f4d12b65d59029fb
4335245,722c9568,645b5bcc556e8e50f04ea26e
4360150,563a4475,67af099730124119ada972a3
4359855,966ef2f8,66b30b262d2ac32b11a09537
4359830,647f184c,6698906571c8ad72fa6ac0b1
4190388,0a830da4,624ad466dc673c4dfc40b532
4356329,5f7f31a4,654317cfabead800def21684
4357832,2d012544,65cdafb899807eef2167eb57
4343493,fee14dea,6499104dec4ce092f2e3a810
4359906,fe3a3e0d,66f1424bbc2603c096d759cb
4351812,5f7f31a4,650940353759e67d1fafd213
4356326,5f7f31a4,6543143cfe763360bf56b253
4360262,9f2f7491,6819f1f05f59117de681b986
4359371,796c5928,665d3086655525be7220dc28
4347153,1feb5c88,64c9fb67d9541e5fdb3dc0bd
4205193,a0e49614,626a264cc05afb4898e8edc6
4360142,2a046572,679c6dc7d982a52ec8142470
4360158,78c0ac41,67b6b4d1d982a52ec8142484
2736734,6e19f1b7,5e359bd2ad86a4ef268de9bf
502326,367102ec,5dcd41993d25d07e338b45a8
3751875,cb9e8390,600ffc749f6c34d86a89e7b2
3886377,9bcd8f9e,60c3290913573d4c7e7064a0
3735365,830affbc,5ff6cf88fb36d9c50a8b4567
4138082,5c493aca,61ca70ac6c48c402bf72878d
4295430,b10db6bf,63a1395d01d67fd83f16a23a
4317040,5f7f31a4,64055bc1afee8457fabc9b03
4360109,23db4369,6769245cf4e8b35152489f86
4359290,3d8d9824,6653f2d340c4cbe43a8ec8c9
4359403,0e5895c0,6662c2a0655525be7220dc50
4252968,3335a0d9,62fdbdb4faeadcd8e7316ee2
4359341,927a3aed,6657fd89331aa1b0bc1394ad
4357435,4fdfb723,6580f98e67fc8cdf19a2a097
4360119,4763b1e1,67763dcfd982a52ec8142458
4359323,e861ef52,6656c8a64f9a5c6d531be608
4360345,85968ff3,6878c36e7fbc840d893b14d5
4359914,afc40ab3,66fb5f69bc2603c096d759d1
4360348,19d033fb,6879c1fc7fbc840d893b14d9
4172831,e01bea2f,621df40fa27e81ff72e60027
4337420,1e6779ff,646abf00b3fe3177000c12af
4178136,57e05ee0,622ac2704ec0b06883d0c669
4360349,382a730e,6879ed0e7fbc840d893b14db
4360112,4ac2bdd6,676e7041f4e8b35152489f8c
4253605,52cc8841,62ff117d54a070885f8b4567
4359875,661884f0,66cbefc88370cbf901c22055
4360175,f8ccacc0,67cab98ebd0c447586e185c3
4320397,aeb23e9e,64142065358d19e743fa4b2a
4349973,1b64ed64,64f00f3bb880275fdf863ed8
1918768,2d87eee3,5e1c253e3d25d0cb348b4567
2162726,29782284,5e83091dad86a4db058b456b
3756716,5b970aca,6018303928a7ae80188b4567
3095409,330c080d,5ef19c9efdfe11e1458b4567
1237215,e88087e1,5ce386443d25d06f3a8b4584
4140161,5cb4d692,61ce7c051007eccb798b4567
4106939,d37a20f5,617bc6a6e1e0cb4ad8ec8f5b
4054794,67967bcd,612f81c5b0054daa5d4c0ddf
4084810,287146c7,615be7341519acb59cc75d12
3640351,2d22ae97,5f85a5f2e2c28f0011df00b1
4323374,3c24379f,642294f9dc026b705e8cae54
4193500,aab26871,6250fc7fdc673c4dfc40b620
4360078,fc58910f,67569e3cf4e8b35152489f74
4241939,d018fb4a,62d94f6efaeadcd8e7316804
4343511,abfce135,64992cf8721bb17154fa7210
4360351,df7b8d74,6879f0647fbc840d893b14df
4360103,17e1e0bc,676242fff4e8b35152489f82
4358139,f2977554,65f7992f28acd3fdc92589b0
4360033,e222866a,674ff8e9605f91ec4bbe4b9a
4359864,c64bc2b1,66bc86068370cbf901c22047
4360149,a76fde7e,67aef298d982a52ec814247c
4349699,2bf01f46,64ec46a8b880275fdf863e48
4225291,5e3440ab,62aaa042cd7d133d19933e06
4359931,aa3fba68,670ce55f6d2fa885f64eb4a4
4359869,5a2e4a63,66c452a21151fbfa92a630f9
245386,b8ae6cab,5bfbf10c3d25d0f0758b459d
2846571,5f7f31a4,5df9fa1e3d25d023738b45b8
766803,4da4d5aa,5e399341ad86a438158fe7a1
994254,813767da,5b68629f3d25d0b16d8b4567
3096294,b10295d4,5ef1c888c7ea0cb5648b4567
4005644,8d1b338c,610603f0996e62cb16893154
4132400,815cf974,61bbdef21828c750188b4567
4046792,3a6e8457,6124d65f105eb60a578b4567
3986266,33855681,60f6dd01dc6b83853794667f
1752750,701314c9,5a9e0ffd3d25d05e548b4567
4359945,ea2ea7b8,671efb6d6d2fa885f64eb4b8
4359922,aa7fe472,6704d8396d2fa885f64eb498
4360120,1fddf64d,67764b8c30124119ada9728b
4360157,126cc0fb,67b5896430124119ada972ab
4360173,26d7332b,67c81c4e30124119ada972af
4359976,75a20d89,67453f6f605f91ec4bbe4b72
4293287,6d4bc803,63984a0201d67fd83f16a158
4359296,63aadfa8,66543b2c416d62ca8f40c3a7
4207299,e60390ce,62789da7c05afb4898e8ee91
4357713,5f7f31a4,65b21c33d79d18b4ff6d087b
4295402,3c20cf2c,63a123c401d67fd83f16a231
4360147,ca018eec,67aafba6d982a52ec8142478
4198510,e469f011,625e258055a01690afacc682
4360306,608677f6,68526194f4d12b65d5902a39
4349254,e310cb72,64e5a743042497bc227dd2c0
4359758,b0d3dc71,668cbbe877bffcc2d18f449d